<?xml version="1.0" standalone="yes"?>
<SiteConfiguration xmlns:xsi="http://www.w3.org/2001/XMLSchema-instance" xmlns="http://tempuri.org/PortalCfg.xsd">
  <Global PortalId="0" PortalName="ASP.NET Portal Starter Kit" AlwaysShowEditButton="false" />
  <Tab TabId="1" TabName="Home" AccessRoles="All Users;" TabOrder="1" ShowMobile="true" MobileTabName="Home">
    <Module ModuleId="1" ModuleTitle="QuickLinks" EditRoles="Admins;" ModuleDefId="8" PaneName="LeftPane" CacheTimeout="0" ModuleOrder="1" ShowMobile="false" />
    <Module ModuleId="2" ModuleTitle="Welcome to the Portal Starter Kit" EditRoles="Admins;" ModuleDefId="5" PaneName="ContentPane" CacheTimeout="0" ModuleOrder="1" ShowMobile="true" />
    <Module ModuleId="3" ModuleTitle="News and Features" EditRoles="Admins;" ModuleDefId="1" PaneName="ContentPane" CacheTimeout="0" ModuleOrder="2" ShowMobile="true" />
    <Module ModuleId="4" ModuleTitle="Upcoming Events" EditRoles="Admins;" ModuleDefId="4" PaneName="ContentPane" CacheTimeout="0" ModuleOrder="3" ShowMobile="true" />
    <Module ModuleId="5" ModuleTitle="This Weeks Special" EditRoles="Admins;" ModuleDefId="5" PaneName="RightPane" CacheTimeout="0" ModuleOrder="1" ShowMobile="false" />
    <Module ModuleId="6" ModuleTitle="Top Movers" EditRoles="Admins;" ModuleDefId="9" PaneName="RightPane" CacheTimeout="0" ModuleOrder="2" ShowMobile="false">
      <Settings>
        <Setting Name="xmlsrc">~/data/sales.xml</Setting>
        <Setting Name="xslsrc">~/data/sales.xsl</Setting>
      </Settings>
    </Module>
  </Tab>
  <Tab TabId="2" TabName="Employee Info" AccessRoles="All Users;" TabOrder="3" ShowMobile="true" MobileTabName="HR">
    <Module ModuleId="7" ModuleTitle="Spy Diary" EditRoles="Admins;" ModuleDefId="5" PaneName="LeftPane" CacheTimeout="0" ModuleOrder="1" ShowMobile="false" />
    <Module ModuleId="8" ModuleTitle="HR Benefits" EditRoles="Admins;" ModuleDefId="1" PaneName="ContentPane" CacheTimeout="0" ModuleOrder="1" ShowMobile="true" />
    <Module ModuleId="9" ModuleTitle="Employee Contact Information" EditRoles="Admins;" ModuleDefId="2" PaneName="ContentPane" CacheTimeout="0" ModuleOrder="2" ShowMobile="true" />
    <Module ModuleId="10" ModuleTitle="New Employee Documentation" EditRoles="Admins;" ModuleDefId="10" PaneName="ContentPane" CacheTimeout="0" ModuleOrder="3" ShowMobile="false" />
  </Tab>
  <Tab TabId="3" TabName="Product Info" AccessRoles="All Users;" TabOrder="5" ShowMobile="true" MobileTabName="Products">
    <Module ModuleId="11" ModuleTitle="Spy Diary" EditRoles="Admins;" ModuleDefId="5" PaneName="LeftPane" CacheTimeout="0" ModuleOrder="1" ShowMobile="false" />
    <Module ModuleId="12" ModuleTitle="Competition: TradeCraft" EditRoles="Admins;" ModuleDefId="1" PaneName="ContentPane" CacheTimeout="0" ModuleOrder="1" ShowMobile="true" />
    <Module ModuleId="13" ModuleTitle="Competition: Surveillance" EditRoles="Admins;" ModuleDefId="1" PaneName="ContentPane" CacheTimeout="0" ModuleOrder="2" ShowMobile="true" />
    <Module ModuleId="14" ModuleTitle="Competition: Protection" EditRoles="Admins;" ModuleDefId="1" PaneName="ContentPane" CacheTimeout="0" ModuleOrder="3" ShowMobile="true" />
    <Module ModuleId="15" ModuleTitle="Night Vision Goggles" EditRoles="Admins;" ModuleDefId="6" PaneName="RightPane" CacheTimeout="0" ModuleOrder="1" ShowMobile="false">
      <Settings>
        <Setting Name="src">~/data/nightvis.gif</Setting>
      </Settings>
    </Module>
    <Module ModuleId="16" ModuleTitle="Competitors to Watch" EditRoles="Admins;" ModuleDefId="8" PaneName="RightPane" CacheTimeout="0" ModuleOrder="2" ShowMobile="false" />
  </Tab>
  <Tab TabId="4" TabName="Discussions" AccessRoles="All Users;" TabOrder="7" ShowMobile="false" MobileTabName="Discussions">
    <Module ModuleId="17" ModuleTitle="Spy Diary" EditRoles="Admins;" ModuleDefId="5" PaneName="LeftPane" CacheTimeout="0" ModuleOrder="1" ShowMobile="false" />
    <Module ModuleId="18" ModuleTitle="TradeCraft Techniques and Gear" EditRoles="Admins;" ModuleDefId="3" PaneName="ContentPane" CacheTimeout="0" ModuleOrder="1" ShowMobile="false" />
    <Module ModuleId="19" ModuleTitle="Recipes From the Field" EditRoles="Admins;" ModuleDefId="3" PaneName="ContentPane" CacheTimeout="0" ModuleOrder="2" ShowMobile="false" />
    <Module ModuleId="20" ModuleTitle="GoodReads" EditRoles="Admins;" ModuleDefId="10" PaneName="ContentPane" CacheTimeout="0" ModuleOrder="3" ShowMobile="false" />
  </Tab>
  <Tab TabId="5" TabName="About the Portal" AccessRoles="All Users;" TabOrder="9" ShowMobile="true" MobileTabName="About">
    <Module ModuleId="21" ModuleTitle="Quick Links" EditRoles="Admins;" ModuleDefId="8" PaneName="LeftPane" CacheTimeout="0" ModuleOrder="1" ShowMobile="false" />
    <Module ModuleId="22" ModuleTitle="About the Portal Starter Kit" EditRoles="Admins;" ModuleDefId="5" PaneName="ContentPane" CacheTimeout="0" ModuleOrder="1" ShowMobile="true" />
    <Module ModuleId="23" ModuleTitle="Portal Tabs" EditRoles="Admins;" ModuleDefId="5" PaneName="ContentPane" CacheTimeout="0" ModuleOrder="2" ShowMobile="false" />
    <Module ModuleId="24" ModuleTitle="Portal Modules" EditRoles="Admins" ModuleDefId="5" PaneName="ContentPane" CacheTimeout="0" ModuleOrder="3" ShowMobile="false" />
    <Module ModuleId="25" ModuleTitle="Managing the Portal" EditRoles="Admins;" ModuleDefId="5" PaneName="ContentPane" CacheTimeout="0" ModuleOrder="4" ShowMobile="false" />
    <Module ModuleId="26" ModuleTitle="Managing Portal Layout" EditRoles="Admins;" ModuleDefId="5" PaneName="ContentPane" CacheTimeout="0" ModuleOrder="5" ShowMobile="false" />
    <Module ModuleId="27" ModuleTitle="Managing User Security" EditRoles="Admins;" ModuleDefId="5" PaneName="ContentPane" CacheTimeout="0" ModuleOrder="6" ShowMobile="false" />
  </Tab>
  <Tab TabId="6" TabName="Admin" AccessRoles="Admins;" TabOrder="13" ShowMobile="false" MobileTabName="Admin">
    <Module ModuleId="28" ModuleTitle="Module Definitions" EditRoles="Admins;" ModuleDefId="11" PaneName="RightPane" CacheTimeout="0" ModuleOrder="1" ShowMobile="false" />
    <Module ModuleId="29" ModuleTitle="Site Settings" EditRoles="Admins;" ModuleDefId="14" PaneName="ContentPane" CacheTimeout="0" ModuleOrder="1" ShowMobile="false" />
    <Module ModuleId="30" ModuleTitle="Tabs" EditRoles="Admins;" ModuleDefId="13" PaneName="ContentPane" CacheTimeout="0" ModuleOrder="2" ShowMobile="false" />
    <Module ModuleId="31" ModuleTitle="Security Roles" EditRoles="Admins;" ModuleDefId="12" PaneName="ContentPane" CacheTimeout="0" ModuleOrder="3" ShowMobile="false" />
    <Module ModuleId="32" ModuleTitle="Manage Users" EditRoles="Admins;" ModuleDefId="15" PaneName="ContentPane" CacheTimeout="0" ModuleOrder="4" ShowMobile="false" />
  </Tab>
  <ModuleDefinition FriendlyName="Announcements" MobileSourceFile="MobileModules/Announcements.ascx" DesktopSourceFile="DesktopModules/Announcements.ascx" ModuleDefId="1" />
  <ModuleDefinition FriendlyName="Contacts" MobileSourceFile="MobileModules/Contacts.ascx" DesktopSourceFile="DesktopModules/Contacts.ascx" ModuleDefId="2" />
  <ModuleDefinition FriendlyName="Discussion" MobileSourceFile="" DesktopSourceFile="DesktopModules/Discussion.ascx" ModuleDefId="3" />
  <ModuleDefinition FriendlyName="Events" MobileSourceFile="MobileModules/Events.ascx" DesktopSourceFile="DesktopModules/Events.ascx" ModuleDefId="4" />
  <ModuleDefinition FriendlyName="Html Document" MobileSourceFile="MobileModules/text.ascx" DesktopSourceFile="DesktopModules/HtmlModule.ascx" ModuleDefId="5" />
  <ModuleDefinition FriendlyName="Image" MobileSourceFile="" DesktopSourceFile="DesktopModules/ImageModule.ascx" ModuleDefId="6" />
  <ModuleDefinition FriendlyName="Links" MobileSourceFile="MobileModules/Links.ascx" DesktopSourceFile="DesktopModules/Links.ascx" ModuleDefId="7" />
  <ModuleDefinition FriendlyName="QuickLinks" MobileSourceFile="MobileModules/Links.ascx" DesktopSourceFile="DesktopModules/QuickLinks.ascx" ModuleDefId="8" />
  <ModuleDefinition FriendlyName="XML/XSL" MobileSourceFile="" DesktopSourceFile="DesktopModules/XmlModule.ascx" ModuleDefId="9" />
  <ModuleDefinition FriendlyName="Documents" MobileSourceFile="" DesktopSourceFile="DesktopModules/Document.ascx" ModuleDefId="10" />
  <ModuleDefinition FriendlyName="Module Types (Admin)" MobileSourceFile="" DesktopSourceFile="Admin/ModuleDefs.ascx" ModuleDefId="11" />
  <ModuleDefinition FriendlyName="Roles (Admin)" MobileSourceFile="" DesktopSourceFile="Admin/Roles.ascx" ModuleDefId="12" />
  <ModuleDefinition FriendlyName="Tabs (Admin)" MobileSourceFile="" DesktopSourceFile="Admin/Tabs.ascx" ModuleDefId="13" />
  <ModuleDefinition FriendlyName="Site Settings (Admin)" MobileSourceFile="" DesktopSourceFile="Admin/SiteSettings.ascx" ModuleDefId="14" />
  <ModuleDefinition FriendlyName="Manage Users (Admin)" MobileSourceFile="" DesktopSourceFile="Admin/Users.ascx" ModuleDefId="15" />
</SiteConfiguration>